topology,n,n_actual,seed,degree_auc,degree_stop,degree_fc,CoreHD-0.01n_auc,CoreHD-0.01n_stop,CoreHD-0.01n_fc,gnn-dyn-b25-dfs_auc,gnn-dyn-b25-dfs_stop,gnn-dyn-b25-dfs_fc,rl-greedy-mixed_auc,rl-greedy-mixed_stop,rl-greedy-mixed_fc,rl-greedy-dfs_auc,rl-greedy-dfs_stop,rl-greedy-dfs_fc
ba,500,500,500000,0.197,140,0.412,0.1693,107,0.3,0.1856,144,0.358,0.1848,143,0.346,0.1885,146,0.392
ba,500,500,500001,0.2058,144,0.396,0.1794,115,0.294,0.1825,122,0.406,0.1803,119,0.358,0.1866,132,0.398
ba,500,500,500002,0.1968,143,0.39,0.1741,117,0.298,0.1859,141,0.368,0.1856,139,0.386,0.1874,141,0.396
ba,500,500,500003,0.2019,148,0.428,0.176,115,0.294,0.1833,125,0.396,0.1834,126,0.382,0.1889,135,0.398
ba,500,500,500004,0.1798,132,0.378,0.1576,103,0.274,0.1719,131,0.362,0.1708,132,0.402,0.1771,139,0.376
ba,500,500,500005,0.2007,138,0.414,0.1835,116,0.308,0.1872,142,0.378,0.1883,135,0.37,0.1898,140,0.4
ba,500,500,500006,0.2025,139,0.486,0.1781,113,0.304,0.18,123,0.406,0.1811,114,0.41,0.1877,138,0.406
ba,500,500,500007,0.2062,154,0.424,0.1817,119,0.302,0.1902,149,0.37,0.1866,134,0.352,0.193,146,0.396
ba,500,500,500008,0.2045,143,0.422,0.1876,121,0.308,0.1935,140,0.396,0.1952,141,0.39,0.1958,142,0.408
ba,500,500,500009,0.1934,135,0.4,0.1733,118,0.286,0.1825,137,0.376,0.1799,124,0.372,0.1915,139,0.4
ba,500,500,500010,0.2043,165,0.522,0.1799,122,0.296,0.1859,144,0.384,0.1829,131,0.39,0.1903,135,0.408
ba,500,500,500011,0.2062,140,0.524,0.1822,116,0.302,0.1967,138,0.414,0.1903,131,0.402,0.1993,149,0.414
ba,500,500,500012,0.2041,141,0.428,0.173,111,0.3,0.1858,142,0.376,0.1813,116,0.39,0.1889,147,0.402
ba,500,500,500013,0.2002,143,0.416,0.184,116,0.308,0.1914,137,0.384,0.1903,126,0.388,0.1953,143,0.406
ba,500,500,500014,0.1987,147,0.48,0.181,121,0.302,0.1831,134,0.374,0.183,124,0.392,0.1859,133,0.4
ba,500,500,500015,0.1893,132,0.386,0.1764,125,0.292,0.1816,132,0.408,0.181,131,0.376,0.1826,128,0.416
ba,500,500,500016,0.1855,129,0.374,0.1724,117,0.3,0.177,117,0.396,0.1748,117,0.404,0.1792,120,0.4
ba,500,500,500017,0.19,131,0.48,0.1719,115,0.284,0.1785,117,0.366,0.176,117,0.346,0.18,132,0.386
ba,500,500,500018,0.1925,138,0.392,0.178,123,0.294,0.1871,139,0.392,0.185,130,0.39,0.1916,144,0.408
ba,500,500,500019,0.1846,129,0.554,0.1711,108,0.292,0.1798,124,0.364,0.1757,116,0.36,0.1833,135,0.39
ba,500,500,500020,0.1928,138,0.406,0.1663,107,0.29,0.1757,126,0.39,0.1749,119,0.378,0.1778,125,0.394
ba,500,500,500021,0.2156,158,0.544,0.1901,123,0.312,0.1953,138,0.374,0.196,139,0.368,0.1996,145,0.406
ba,500,500,500022,0.186,127,0.39,0.1725,116,0.294,0.181,117,0.37,0.1799,125,0.386,0.1832,130,0.394
ba,500,500,500023,0.1898,133,0.382,0.1671,116,0.292,0.1748,114,0.372,0.178,117,0.37,0.184,134,0.39
ba,500,500,500024,0.1921,136,0.474,0.1788,119,0.304,0.1852,138,0.372,0.1849,125,0.404,0.1914,144,0.406
ba,500,500,500025,0.2005,140,0.468,0.1805,117,0.304,0.1841,132,0.406,0.1866,121,0.384,0.1899,137,0.41
ba,500,500,500026,0.2005,134,0.502,0.1824,118,0.312,0.189,136,0.406,0.1894,130,0.408,0.1921,137,0.414
ba,500,500,500027,0.2032,139,0.4,0.1775,119,0.29,0.1852,135,0.394,0.1829,131,0.366,0.1901,140,0.412
ba,500,500,500028,0.1956,141,0.406,0.179,126,0.31,0.1918,143,0.376,0.1859,132,0.378,0.1919,141,0.396
ba,500,500,500029,0.196,142,0.394,0.1791,117,0.306,0.188,143,0.394,0.1852,126,0.356,0.1886,138,0.398
er,500,497,1500000,0.3629,257,0.7485,0.3014,195,0.4688,0.3138,229,0.5553,0.3076,211,0.5191,0.3079,223,0.5412
er,500,497,1500001,0.3552,267,0.8089,0.3029,201,0.4789,0.3056,225,0.5252,0.3049,216,0.5151,0.3053,224,0.5392
er,500,496,1500002,0.3536,244,0.8286,0.2975,197,0.4617,0.3055,212,0.5544,0.2983,202,0.5302,0.3013,215,0.5403
er,500,499,1500003,0.3483,260,0.7114,0.2877,188,0.4609,0.2908,200,0.521,0.2931,205,0.5331,0.2872,208,0.5251
er,500,499,1500004,0.3516,258,0.7054,0.2947,190,0.4709,0.304,216,0.5331,0.2963,213,0.5251,0.2976,218,0.5431
er,500,500,1500005,0.3484,245,0.76,0.3013,202,0.454,0.2985,212,0.502,0.2921,198,0.486,0.2948,209,0.522
er,500,496,1500006,0.3462,249,0.746,0.2914,193,0.4496,0.2961,212,0.5,0.2884,195,0.5121,0.2913,214,0.5141
er,500,500,1500007,0.3564,270,0.686,0.2995,200,0.452,0.3083,226,0.548,0.3039,213,0.53,0.3,212,0.552
er,500,500,1500008,0.3621,272,0.802,0.2968,197,0.448,0.301,208,0.552,0.3002,210,0.522,0.3017,219,0.532
er,500,499,1500009,0.3709,277,0.7234,0.303,194,0.4729,0.3067,222,0.5411,0.3029,205,0.5311,0.3027,221,0.5411
er,500,497,1500010,0.3538,262,0.7123,0.2893,187,0.4527,0.2907,200,0.5573,0.2922,193,0.5252,0.2924,207,0.5372
er,500,498,1500011,0.3441,267,0.7691,0.2842,183,0.4498,0.2955,209,0.5,0.2891,197,0.4859,0.2862,212,0.5221
er,500,498,1500012,0.3415,248,0.6506,0.2896,184,0.4679,0.303,219,0.5522,0.2983,206,0.5422,0.2954,211,0.5462
er,500,500,1500013,0.3341,254,0.704,0.2844,191,0.43,0.2933,207,0.534,0.2907,198,0.526,0.2915,212,0.534
er,500,498,1500014,0.3359,248,0.6948,0.2825,180,0.4558,0.2895,201,0.496,0.2848,193,0.492,0.289,207,0.5241
er,500,500,1500015,0.3359,230,0.754,0.2856,189,0.442,0.2998,220,0.526,0.2898,199,0.526,0.2904,210,0.528
er,500,500,1500016,0.3469,277,0.68,0.2875,183,0.452,0.2917,210,0.518,0.2899,208,0.516,0.2871,208,0.524
er,500,497,1500017,0.3562,267,0.7666,0.2956,195,0.4708,0.2987,206,0.5553,0.305,215,0.5312,0.3036,219,0.5453
er,500,499,1500018,0.3506,255,0.7715,0.2997,194,0.4729,0.3011,204,0.5411,0.3011,211,0.515,0.3005,222,0.5391
er,500,500,1500019,0.3538,256,0.668,0.2918,198,0.442,0.2944,201,0.494,0.2924,189,0.496,0.2923,209,0.526
er,500,500,1500020,0.3523,249,0.704,0.288,189,0.436,0.297,202,0.544,0.2931,192,0.512,0.2931,204,0.546
er,500,498,1500021,0.3598,259,0.7088,0.3016,202,0.488,0.3109,220,0.5562,0.305,208,0.5321,0.3024,217,0.5562
er,500,499,1500022,0.3452,271,0.7395,0.2833,188,0.4569,0.2938,211,0.5291,0.2897,200,0.515,0.2899,211,0.5311
er,500,500,1500023,0.3505,269,0.662,0.3038,200,0.454,0.3096,221,0.53,0.3058,214,0.528,0.3025,217,0.546
er,500,500,1500024,0.3514,257,0.682,0.2981,198,0.464,0.3003,208,0.526,0.3058,212,0.526,0.3004,219,0.538
er,500,499,1500025,0.3448,246,0.8236,0.2899,198,0.4669,0.2921,198,0.501,0.2901,203,0.511,0.291,208,0.5271
er,500,499,1500026,0.3484,242,0.7194,0.2995,207,0.477,0.3047,213,0.5311,0.3027,208,0.5271,0.3038,221,0.5371
er,500,499,1500027,0.3363,244,0.7054,0.2896,187,0.4529,0.2942,211,0.503,0.293,208,0.511,0.288,210,0.521
er,500,499,1500028,0.3621,286,0.7275,0.286,186,0.4529,0.2875,200,0.509,0.2844,193,0.505,0.2907,211,0.5311
er,500,497,1500029,0.3562,264,0.7284,0.2956,196,0.4728,0.2984,216,0.5412,0.2991,213,0.5312,0.2943,208,0.5372
ws,500,500,2500000,0.396,319,0.884,0.3235,206,0.532,0.3117,226,0.574,0.3155,207,0.602,0.3148,221,0.59
ws,500,500,2500001,0.3865,313,0.892,0.3314,248,0.534,0.3199,235,0.56,0.3187,219,0.576,0.3107,216,0.57
ws,500,500,2500002,0.3997,320,0.848,0.3313,226,0.522,0.3188,220,0.602,0.3336,233,0.572,0.3189,219,0.594
ws,500,500,2500003,0.4006,316,0.908,0.327,215,0.526,0.3236,231,0.586,0.3201,210,0.586,0.3161,222,0.588
ws,500,500,2500004,0.3964,323,0.822,0.319,222,0.536,0.3224,214,0.588,0.3317,237,0.604,0.3169,222,0.61
ws,500,500,2500005,0.4029,323,0.89,0.3328,221,0.524,0.3294,239,0.568,0.328,220,0.59,0.3224,227,0.588
ws,500,500,2500006,0.3942,312,0.818,0.3245,219,0.536,0.3213,222,0.564,0.3341,237,0.582,0.3345,247,0.596
ws,500,500,2500007,0.3827,318,0.886,0.3209,215,0.526,0.314,207,0.604,0.3168,205,0.596,0.3144,216,0.6
ws,500,500,2500008,0.3825,312,0.8,0.3286,222,0.528,0.3382,248,0.618,0.3381,232,0.586,0.3275,246,0.598
ws,500,500,2500009,0.3775,292,0.91,0.3275,218,0.522,0.3216,219,0.578,0.3189,228,0.604,0.3052,219,0.616
ws,500,500,2500010,0.3919,298,0.928,0.3197,211,0.528,0.326,228,0.6,0.3246,219,0.614,0.323,241,0.614
ws,500,500,2500011,0.4038,330,0.918,0.3334,235,0.532,0.3311,235,0.586,0.3252,211,0.576,0.321,224,0.59
ws,500,500,2500012,0.3936,322,0.82,0.3185,210,0.532,0.3239,227,0.566,0.3258,215,0.582,0.3113,223,0.596
ws,500,500,2500013,0.4023,335,0.924,0.3066,203,0.528,0.313,217,0.56,0.3219,232,0.606,0.3094,220,0.586
ws,500,500,2500014,0.3947,322,0.888,0.3352,226,0.536,0.3288,224,0.576,0.322,212,0.592,0.319,227,0.592
ws,500,500,2500015,0.393,324,0.85,0.3301,230,0.528,0.3213,223,0.584,0.3179,228,0.6,0.309,211,0.586
ws,500,500,2500016,0.3996,328,0.94,0.3359,223,0.536,0.3278,225,0.586,0.3198,220,0.598,0.3158,221,0.606
ws,500,500,2500017,0.3999,324,0.926,0.3297,224,0.526,0.322,233,0.57,0.3326,225,0.618,0.3183,238,0.598
ws,500,500,2500018,0.3795,295,0.79,0.324,220,0.548,0.3228,220,0.578,0.3281,244,0.578,0.3034,209,0.596
ws,500,500,2500019,0.4011,332,0.932,0.3261,211,0.532,0.3204,234,0.606,0.3195,210,0.602,0.3077,220,0.6
ws,500,500,2500020,0.3906,325,0.936,0.3373,226,0.53,0.3308,248,0.578,0.3321,240,0.608,0.32,242,0.604
ws,500,500,2500021,0.3848,287,0.838,0.3319,227,0.524,0.3201,226,0.606,0.3255,237,0.6,0.3222,229,0.602
ws,500,500,2500022,0.4054,327,0.838,0.3214,221,0.532,0.3175,212,0.608,0.3249,225,0.61,0.3172,224,0.622
ws,500,500,2500023,0.4094,326,0.934,0.3266,219,0.538,0.3308,235,0.588,0.3365,250,0.612,0.3253,233,0.608
ws,500,500,2500024,0.3896,302,0.916,0.329,221,0.518,0.3232,229,0.584,0.3206,218,0.592,0.3145,219,0.586
ws,500,500,2500025,0.4059,327,0.904,0.3323,226,0.534,0.3259,225,0.588,0.3298,231,0.588,0.3245,239,0.582
ws,500,500,2500026,0.3916,321,0.908,0.3259,207,0.526,0.3185,222,0.604,0.323,214,0.596,0.3131,230,0.596
ws,500,500,2500027,0.4094,326,0.814,0.3214,213,0.534,0.3148,217,0.598,0.321,224,0.602,0.3124,219,0.606
ws,500,500,2500028,0.3983,316,0.896,0.3065,200,0.514,0.3107,217,0.558,0.3082,200,0.58,0.2973,215,0.596
ws,500,500,2500029,0.3849,310,0.924,0.3188,207,0.522,0.3256,219,0.566,0.3263,222,0.572,0.3188,220,0.606
