topology,n,n_actual,seed,degree_auc,degree_stop,degree_fc,random_auc,random_stop,random_fc,CoreHD_auc,CoreHD_stop,CoreHD_fc,CoreHD-0.01n_auc,CoreHD-0.01n_stop,CoreHD-0.01n_fc,gnn-dyn-b25-ba_auc,gnn-dyn-b25-ba_stop,gnn-dyn-b25-ba_fc,gnn-dyn-b25-mixed_auc,gnn-dyn-b25-mixed_stop,gnn-dyn-b25-mixed_fc,rl-greedy-v4_auc,rl-greedy-v4_stop,rl-greedy-v4_fc,rl-greedy-mixed_auc,rl-greedy-mixed_stop,rl-greedy-mixed_fc
ba,500,500,500000,0.197,140,0.412,0.4523,396,0.958,0.1723,107,0.434,0.1693,107,0.3,0.1814,135,0.404,0.1909,152,0.366,0.1771,129,0.328,0.1848,143,0.346
ba,500,500,500001,0.2058,144,0.396,0.4507,398,0.914,0.1841,118,0.418,0.1794,115,0.294,0.1847,122,0.406,0.1857,123,0.408,0.182,118,0.346,0.1803,119,0.358
ba,500,500,500002,0.1968,143,0.39,0.4511,398,0.958,0.179,127,0.48,0.1741,117,0.298,0.1844,128,0.396,0.1916,148,0.378,0.1777,121,0.37,0.1856,139,0.386
ba,500,500,500003,0.2019,148,0.428,0.4536,384,0.974,0.1791,118,0.434,0.176,115,0.294,0.1826,130,0.372,0.1876,130,0.354,0.1819,127,0.336,0.1834,126,0.382
ba,500,500,500004,0.1798,132,0.378,0.4479,394,0.938,0.1609,108,0.392,0.1576,103,0.274,0.1684,118,0.378,0.1756,143,0.35,0.1666,120,0.306,0.1708,132,0.402
ba,500,500,500005,0.2007,138,0.414,0.4572,398,0.95,0.1852,116,0.448,0.1835,116,0.308,0.1901,145,0.406,0.1884,138,0.39,0.184,127,0.37,0.1883,135,0.37
ba,500,500,500006,0.2025,139,0.486,0.4633,391,0.964,0.1804,113,0.444,0.1781,113,0.304,0.1815,127,0.402,0.1852,129,0.41,0.1793,113,0.356,0.1811,114,0.41
ba,500,500,500007,0.2062,154,0.424,0.4581,393,0.974,0.1873,124,0.464,0.1817,119,0.302,0.1877,145,0.382,0.1892,145,0.376,0.184,127,0.366,0.1866,134,0.352
ba,500,500,500008,0.2045,143,0.422,0.4506,398,0.93,0.1921,128,0.44,0.1876,121,0.308,0.1963,129,0.374,0.1999,145,0.386,0.1922,132,0.34,0.1952,141,0.39
ba,500,500,500009,0.1934,135,0.4,0.4691,413,0.966,0.1799,133,0.464,0.1733,118,0.286,0.1804,136,0.37,0.1834,138,0.392,0.176,122,0.324,0.1799,124,0.372
ba,500,500,500010,0.2043,165,0.522,0.4492,386,0.938,0.1818,122,0.436,0.1799,122,0.296,0.1848,129,0.402,0.1862,133,0.4,0.1804,132,0.364,0.1829,131,0.39
ba,500,500,500011,0.2062,140,0.524,0.4601,394,0.97,0.1884,120,0.478,0.1822,116,0.302,0.1936,142,0.422,0.2015,144,0.406,0.1831,117,0.342,0.1903,131,0.402
ba,500,500,500012,0.2041,141,0.428,0.4542,384,0.87,0.1762,113,0.466,0.173,111,0.3,0.1819,118,0.402,0.1911,152,0.38,0.1812,115,0.346,0.1813,116,0.39
ba,500,500,500013,0.2002,143,0.416,0.4537,400,0.958,0.1872,118,0.5,0.184,116,0.308,0.1911,127,0.416,0.1907,128,0.394,0.1893,124,0.368,0.1903,126,0.388
ba,500,500,500014,0.1987,147,0.48,0.4653,409,0.938,0.1867,126,0.476,0.181,121,0.302,0.1851,134,0.414,0.1846,125,0.39,0.1811,126,0.362,0.183,124,0.392
ba,500,500,500015,0.1893,132,0.386,0.4569,401,0.96,0.1841,145,0.458,0.1764,125,0.292,0.1811,121,0.428,0.1834,133,0.388,0.1795,127,0.344,0.181,131,0.376
ba,500,500,500016,0.1855,129,0.374,0.4474,403,0.918,0.1766,121,0.442,0.1724,117,0.3,0.175,119,0.402,0.1765,124,0.378,0.1714,113,0.346,0.1748,117,0.404
ba,500,500,500017,0.19,131,0.48,0.447,396,0.966,0.1763,122,0.438,0.1719,115,0.284,0.1775,119,0.352,0.1799,124,0.348,0.1763,116,0.322,0.176,117,0.346
ba,500,500,500018,0.1925,138,0.392,0.4595,407,0.922,0.1824,131,0.448,0.178,123,0.294,0.1862,141,0.384,0.1877,143,0.394,0.1785,119,0.344,0.185,130,0.39
ba,500,500,500019,0.1846,129,0.554,0.4493,395,0.948,0.176,111,0.476,0.1711,108,0.292,0.1782,116,0.374,0.1847,131,0.372,0.1735,114,0.314,0.1757,116,0.36
ba,500,500,500020,0.1928,138,0.406,0.456,401,0.96,0.1697,110,0.45,0.1663,107,0.29,0.1761,126,0.39,0.1774,125,0.37,0.1744,114,0.332,0.1749,119,0.378
ba,500,500,500021,0.2156,158,0.544,0.4363,372,0.938,0.1941,126,0.482,0.1901,123,0.312,0.1936,130,0.4,0.1976,137,0.404,0.1941,139,0.38,0.196,139,0.368
ba,500,500,500022,0.186,127,0.39,0.4624,413,0.956,0.1779,124,0.448,0.1725,116,0.294,0.1849,126,0.394,0.1839,132,0.368,0.1804,120,0.334,0.1799,125,0.386
ba,500,500,500023,0.1898,133,0.382,0.4592,400,0.966,0.1707,125,0.452,0.1671,116,0.292,0.1753,111,0.382,0.1732,117,0.384,0.1759,112,0.306,0.178,117,0.37
ba,500,500,500024,0.1921,136,0.474,0.4558,395,0.968,0.1832,121,0.494,0.1788,119,0.304,0.1843,128,0.402,0.1854,135,0.404,0.1791,117,0.346,0.1849,125,0.404
ba,500,500,500025,0.2005,140,0.468,0.4513,403,0.96,0.1855,122,0.464,0.1805,117,0.304,0.1856,124,0.406,0.1902,126,0.402,0.1836,126,0.344,0.1866,121,0.384
ba,500,500,500026,0.2005,134,0.502,0.4605,405,0.954,0.1854,119,0.484,0.1824,118,0.312,0.1852,120,0.406,0.1906,137,0.4,0.1844,120,0.346,0.1894,130,0.408
ba,500,500,500027,0.2032,139,0.4,0.4613,395,0.958,0.1809,125,0.528,0.1775,119,0.29,0.1818,134,0.392,0.1831,124,0.384,0.1805,125,0.346,0.1829,131,0.366
ba,500,500,500028,0.1956,141,0.406,0.454,404,0.948,0.1816,130,0.488,0.179,126,0.31,0.1914,144,0.402,0.1926,135,0.378,0.1854,125,0.364,0.1859,132,0.378
ba,500,500,500029,0.196,142,0.394,0.4578,407,0.936,0.1834,121,0.432,0.1791,117,0.306,0.1865,140,0.39,0.1847,128,0.4,0.1847,127,0.344,0.1852,126,0.356
er,500,497,1500000,0.3629,257,0.7485,0.4615,406,0.8994,0.3032,197,0.5694,0.3014,195,0.4688,0.3115,227,0.5533,0.3093,220,0.5252,0.3076,211,0.5091,0.3076,211,0.5191
er,500,497,1500001,0.3552,267,0.8089,0.4628,402,0.9235,0.3037,201,0.5915,0.3029,201,0.4789,0.3038,212,0.5493,0.3049,218,0.5372,0.304,204,0.501,0.3049,216,0.5151
er,500,496,1500002,0.3536,244,0.8286,0.4632,398,0.9375,0.2986,200,0.5726,0.2975,197,0.4617,0.3059,218,0.5403,0.3025,207,0.5524,0.3008,195,0.5202,0.2983,202,0.5302
er,500,499,1500003,0.3483,260,0.7114,0.4527,398,0.9218,0.2893,190,0.5972,0.2877,188,0.4609,0.2879,201,0.5311,0.2932,206,0.523,0.2878,198,0.485,0.2931,205,0.5331
er,500,499,1500004,0.3516,258,0.7054,0.4627,394,0.9699,0.2965,191,0.5792,0.2947,190,0.4709,0.2988,201,0.5511,0.3045,209,0.5411,0.3,215,0.5271,0.2963,213,0.5251
er,500,500,1500005,0.3484,245,0.76,0.4568,381,0.884,0.3046,210,0.556,0.3013,202,0.454,0.3028,212,0.51,0.3046,214,0.496,0.297,201,0.498,0.2921,198,0.486
er,500,496,1500006,0.3462,249,0.746,0.4584,380,0.9597,0.2954,202,0.5444,0.2914,193,0.4496,0.29,195,0.5302,0.2974,209,0.506,0.2906,196,0.5,0.2884,195,0.5121
er,500,500,1500007,0.3564,270,0.686,0.4643,405,0.938,0.3003,202,0.588,0.2995,200,0.452,0.3075,215,0.552,0.3082,217,0.552,0.3023,207,0.508,0.3039,213,0.53
er,500,500,1500008,0.3621,272,0.802,0.4528,388,0.876,0.2976,200,0.57,0.2968,197,0.448,0.2969,193,0.546,0.3057,214,0.522,0.2995,204,0.48,0.3002,210,0.522
er,500,499,1500009,0.3709,277,0.7234,0.4632,397,0.9339,0.3058,195,0.6112,0.303,194,0.4729,0.306,214,0.5631,0.3055,221,0.5571,0.3023,201,0.509,0.3029,205,0.5311
er,500,497,1500010,0.3538,262,0.7123,0.4501,390,0.8833,0.2929,191,0.6097,0.2893,187,0.4527,0.2948,203,0.5634,0.2983,211,0.5231,0.2933,198,0.5171,0.2922,193,0.5252
er,500,498,1500011,0.3441,267,0.7691,0.4545,397,0.9478,0.2856,184,0.5743,0.2842,183,0.4498,0.2903,197,0.5382,0.2952,209,0.508,0.2891,192,0.49,0.2891,197,0.4859
er,500,498,1500012,0.3415,248,0.6506,0.4623,407,0.8876,0.292,184,0.5884,0.2896,184,0.4679,0.2997,214,0.5542,0.3,212,0.5321,0.2926,191,0.492,0.2983,206,0.5422
er,500,500,1500013,0.3341,254,0.704,0.4571,380,0.906,0.2876,199,0.576,0.2844,191,0.43,0.2926,201,0.51,0.296,207,0.52,0.2871,189,0.52,0.2907,198,0.526
er,500,498,1500014,0.3359,248,0.6948,0.4475,365,0.8996,0.2841,180,0.5863,0.2825,180,0.4558,0.2925,210,0.5341,0.2887,198,0.5181,0.2877,194,0.498,0.2848,193,0.492
er,500,500,1500015,0.3359,230,0.754,0.4645,399,0.892,0.2873,191,0.56,0.2856,189,0.442,0.2963,208,0.544,0.2977,209,0.526,0.2912,197,0.482,0.2898,199,0.526
er,500,500,1500016,0.3469,277,0.68,0.4548,394,0.92,0.2915,183,0.6,0.2875,183,0.452,0.2895,211,0.49,0.2911,205,0.51,0.288,192,0.48,0.2899,208,0.516
er,500,497,1500017,0.3562,267,0.7666,0.4582,387,0.8873,0.2971,196,0.6177,0.2956,195,0.4708,0.3075,222,0.5674,0.3009,218,0.5392,0.2984,209,0.5131,0.305,215,0.5312
er,500,499,1500018,0.3506,255,0.7715,0.4592,399,0.8978,0.3033,194,0.6112,0.2997,194,0.4729,0.3051,207,0.5471,0.3065,222,0.5291,0.2992,206,0.499,0.3011,211,0.515
er,500,500,1500019,0.3538,256,0.668,0.4596,393,0.928,0.2932,205,0.548,0.2918,198,0.442,0.2975,207,0.514,0.2961,205,0.514,0.3003,207,0.464,0.2924,189,0.496
er,500,500,1500020,0.3523,249,0.704,0.4475,365,0.852,0.2906,195,0.59,0.288,189,0.436,0.3021,213,0.542,0.2989,208,0.52,0.2924,202,0.482,0.2931,192,0.512
er,500,498,1500021,0.3598,259,0.7088,0.4612,385,0.9418,0.3041,207,0.6345,0.3016,202,0.488,0.3071,216,0.5562,0.3077,219,0.5321,0.3052,204,0.5341,0.305,208,0.5321
er,500,499,1500022,0.3452,271,0.7395,0.4544,389,0.8998,0.2851,192,0.6172,0.2833,188,0.4569,0.2945,205,0.5291,0.2905,201,0.5311,0.2874,199,0.485,0.2897,200,0.515
er,500,500,1500023,0.3505,269,0.662,0.4515,379,0.852,0.3076,206,0.56,0.3038,200,0.454,0.3129,226,0.548,0.3099,228,0.534,0.307,206,0.512,0.3058,214,0.528
er,500,500,1500024,0.3514,257,0.682,0.4511,379,0.9,0.3004,203,0.556,0.2981,198,0.464,0.3033,218,0.554,0.3062,221,0.526,0.3025,199,0.466,0.3058,212,0.526
er,500,499,1500025,0.3448,246,0.8236,0.4595,395,0.9479,0.2924,205,0.6052,0.2899,198,0.4669,0.3048,219,0.5451,0.2961,214,0.517,0.2879,195,0.501,0.2901,203,0.511
er,500,499,1500026,0.3484,242,0.7194,0.4564,387,0.9238,0.3033,219,0.6232,0.2995,207,0.477,0.3046,211,0.5431,0.3045,217,0.5531,0.2968,196,0.501,0.3027,208,0.5271
er,500,499,1500027,0.3363,244,0.7054,0.4617,396,0.9319,0.2928,188,0.5992,0.2896,187,0.4529,0.2987,216,0.5351,0.2935,207,0.513,0.2913,195,0.505,0.293,208,0.511
er,500,499,1500028,0.3621,286,0.7275,0.4536,381,0.8998,0.2879,187,0.5691,0.286,186,0.4529,0.2906,202,0.5531,0.2904,200,0.523,0.2874,184,0.491,0.2844,193,0.505
er,500,497,1500029,0.3562,264,0.7284,0.4593,390,0.8873,0.2986,201,0.5996,0.2956,196,0.4728,0.2963,203,0.5332,0.3009,208,0.5272,0.2936,196,0.5091,0.2991,213,0.5312
ws,500,500,2500000,0.396,319,0.884,0.4349,334,0.808,0.3252,206,0.712,0.3235,206,0.532,0.3225,222,0.638,0.3196,231,0.626,0.3196,223,0.608,0.3155,207,0.602
ws,500,500,2500001,0.3865,313,0.892,0.4332,332,0.824,0.3335,248,0.708,0.3314,248,0.534,0.3279,237,0.61,0.3235,231,0.57,0.3268,225,0.568,0.3187,219,0.576
ws,500,500,2500002,0.3997,320,0.848,0.45,372,0.878,0.3326,226,0.672,0.3313,226,0.522,0.3292,241,0.61,0.3244,226,0.602,0.3263,214,0.57,0.3336,233,0.572
ws,500,500,2500003,0.4006,316,0.908,0.4412,356,0.892,0.3284,215,0.628,0.327,215,0.526,0.3375,238,0.614,0.33,232,0.57,0.3239,225,0.578,0.3201,210,0.586
ws,500,500,2500004,0.3964,323,0.822,0.4294,323,0.862,0.3195,222,0.702,0.319,222,0.536,0.3214,211,0.626,0.3325,228,0.588,0.3269,224,0.594,0.3317,237,0.604
ws,500,500,2500005,0.4029,323,0.89,0.4276,348,0.878,0.3343,221,0.7,0.3328,221,0.524,0.336,234,0.624,0.3303,233,0.576,0.334,232,0.58,0.328,220,0.59
ws,500,500,2500006,0.3942,312,0.818,0.4285,344,0.878,0.3258,219,0.684,0.3245,219,0.536,0.3429,243,0.616,0.3418,248,0.602,0.3285,228,0.576,0.3341,237,0.582
ws,500,500,2500007,0.3827,318,0.886,0.4282,334,0.948,0.3234,215,0.678,0.3209,215,0.526,0.3234,222,0.616,0.3305,238,0.616,0.3165,204,0.59,0.3168,205,0.596
ws,500,500,2500008,0.3825,312,0.8,0.431,343,0.91,0.3305,222,0.716,0.3286,222,0.528,0.3319,220,0.638,0.3364,237,0.57,0.338,224,0.602,0.3381,232,0.586
ws,500,500,2500009,0.3775,292,0.91,0.43,332,0.872,0.3297,218,0.724,0.3275,218,0.522,0.332,229,0.634,0.3175,216,0.62,0.3212,226,0.588,0.3189,228,0.604
ws,500,500,2500010,0.3919,298,0.928,0.4448,372,0.844,0.3217,211,0.688,0.3197,211,0.528,0.3293,226,0.636,0.3262,235,0.596,0.3295,232,0.578,0.3246,219,0.614
ws,500,500,2500011,0.4038,330,0.918,0.4309,345,0.826,0.3349,235,0.69,0.3334,235,0.532,0.3316,223,0.642,0.3314,240,0.588,0.3287,215,0.57,0.3252,211,0.576
ws,500,500,2500012,0.3936,322,0.82,0.4428,357,0.872,0.3203,210,0.668,0.3185,210,0.532,0.3368,248,0.612,0.3255,230,0.6,0.3374,232,0.6,0.3258,215,0.582
ws,500,500,2500013,0.4023,335,0.924,0.4287,344,0.822,0.3074,203,0.698,0.3066,203,0.528,0.331,235,0.612,0.3286,229,0.604,0.325,229,0.602,0.3219,232,0.606
ws,500,500,2500014,0.3947,322,0.888,0.4383,354,0.878,0.3388,226,0.69,0.3352,226,0.536,0.3454,248,0.64,0.3311,242,0.602,0.3332,239,0.598,0.322,212,0.592
ws,500,500,2500015,0.393,324,0.85,0.4352,354,0.814,0.3312,230,0.678,0.3301,230,0.528,0.3264,225,0.644,0.3212,229,0.6,0.3246,233,0.578,0.3179,228,0.6
ws,500,500,2500016,0.3996,328,0.94,0.4468,373,0.878,0.3394,223,0.714,0.3359,223,0.536,0.3336,228,0.66,0.3377,238,0.614,0.3326,225,0.568,0.3198,220,0.598
ws,500,500,2500017,0.3999,324,0.926,0.4208,320,0.806,0.3306,224,0.664,0.3297,224,0.526,0.3277,223,0.628,0.3286,241,0.626,0.3326,244,0.598,0.3326,225,0.618
ws,500,500,2500018,0.3795,295,0.79,0.4368,349,0.844,0.3252,220,0.716,0.324,220,0.548,0.3296,223,0.632,0.3246,229,0.588,0.3271,222,0.616,0.3281,244,0.578
ws,500,500,2500019,0.4011,332,0.932,0.4339,351,0.814,0.3274,211,0.696,0.3261,211,0.532,0.3219,217,0.64,0.3245,218,0.586,0.3197,203,0.6,0.3195,210,0.602
ws,500,500,2500020,0.3906,325,0.936,0.4359,339,0.844,0.3412,226,0.696,0.3373,226,0.53,0.3365,239,0.612,0.333,248,0.608,0.3333,233,0.586,0.3321,240,0.608
ws,500,500,2500021,0.3848,287,0.838,0.4487,364,0.826,0.335,227,0.71,0.3319,227,0.524,0.332,223,0.654,0.3366,241,0.598,0.32,214,0.592,0.3255,237,0.6
ws,500,500,2500022,0.4054,327,0.838,0.43,334,0.832,0.322,221,0.684,0.3214,221,0.532,0.3428,237,0.648,0.3225,239,0.652,0.3353,236,0.602,0.3249,225,0.61
ws,500,500,2500023,0.4094,326,0.934,0.4312,344,0.814,0.3287,219,0.716,0.3266,219,0.538,0.3257,241,0.66,0.3298,221,0.622,0.3397,233,0.566,0.3365,250,0.612
ws,500,500,2500024,0.3896,302,0.916,0.438,358,0.834,0.3299,221,0.664,0.329,221,0.518,0.315,206,0.612,0.3206,239,0.59,0.3212,212,0.602,0.3206,218,0.592
ws,500,500,2500025,0.4059,327,0.904,0.4371,332,0.826,0.3338,226,0.714,0.3323,226,0.534,0.3312,229,0.624,0.3289,226,0.6,0.3306,230,0.602,0.3298,231,0.588
ws,500,500,2500026,0.3916,321,0.908,0.4403,372,0.844,0.3274,207,0.66,0.3259,207,0.526,0.3351,229,0.618,0.3297,233,0.598,0.3259,225,0.594,0.323,214,0.596
ws,500,500,2500027,0.4094,326,0.814,0.4334,358,0.844,0.3236,213,0.678,0.3214,213,0.534,0.3392,253,0.626,0.329,247,0.622,0.3197,211,0.608,0.321,224,0.602
ws,500,500,2500028,0.3983,316,0.896,0.4336,323,0.832,0.3068,200,0.71,0.3065,200,0.514,0.3167,208,0.63,0.3117,221,0.578,0.3166,213,0.604,0.3082,200,0.58
ws,500,500,2500029,0.3849,310,0.924,0.4371,345,0.884,0.3195,207,0.676,0.3188,207,0.522,0.3343,230,0.626,0.3305,227,0.61,0.3269,223,0.58,0.3263,222,0.572
