topology,n,n_actual,seed,degree_auc,degree_stop,degree_fc,CoreHD-0.01n_auc,CoreHD-0.01n_stop,CoreHD-0.01n_fc,gnn-dyn-b25-mamba_auc,gnn-dyn-b25-mamba_stop,gnn-dyn-b25-mamba_fc,gnn-dyn-b25-nomamba_auc,gnn-dyn-b25-nomamba_stop,gnn-dyn-b25-nomamba_fc
ba,500,500,500000,0.197,140,0.412,0.1693,107,0.3,0.1909,152,0.366,0.1892,146,0.378
ba,500,500,500001,0.2058,144,0.396,0.1794,115,0.294,0.1857,123,0.408,0.1886,129,0.39
ba,500,500,500002,0.1968,143,0.39,0.1741,117,0.298,0.1916,148,0.378,0.1892,140,0.372
ba,500,500,500003,0.2019,148,0.428,0.176,115,0.294,0.1876,130,0.354,0.1885,130,0.366
ba,500,500,500004,0.1798,132,0.378,0.1576,103,0.274,0.1756,143,0.35,0.177,140,0.366
ba,500,500,500005,0.2007,138,0.414,0.1835,116,0.308,0.1884,138,0.39,0.188,141,0.386
ba,500,500,500006,0.2025,139,0.486,0.1781,113,0.304,0.1852,129,0.41,0.1892,137,0.39
ba,500,500,500007,0.2062,154,0.424,0.1817,119,0.302,0.1892,145,0.376,0.1913,148,0.386
ba,500,500,500008,0.2045,143,0.422,0.1876,121,0.308,0.1999,145,0.386,0.1978,143,0.4
ba,500,500,500009,0.1934,135,0.4,0.1733,118,0.286,0.1834,138,0.392,0.1841,132,0.362
ba,500,500,500010,0.2043,165,0.522,0.1799,122,0.296,0.1862,133,0.4,0.1946,137,0.396
ba,500,500,500011,0.2062,140,0.524,0.1822,116,0.302,0.2015,144,0.406,0.1949,134,0.4
ba,500,500,500012,0.2041,141,0.428,0.173,111,0.3,0.1911,152,0.38,0.1868,139,0.376
ba,500,500,500013,0.2002,143,0.416,0.184,116,0.308,0.1907,128,0.394,0.1969,140,0.388
ba,500,500,500014,0.1987,147,0.48,0.181,121,0.302,0.1846,125,0.39,0.1871,135,0.382
ba,500,500,500015,0.1893,132,0.386,0.1764,125,0.292,0.1834,133,0.388,0.1845,129,0.398
ba,500,500,500016,0.1855,129,0.374,0.1724,117,0.3,0.1765,124,0.378,0.1759,124,0.382
ba,500,500,500017,0.19,131,0.48,0.1719,115,0.284,0.1799,124,0.348,0.1839,132,0.356
ba,500,500,500018,0.1925,138,0.392,0.178,123,0.294,0.1877,143,0.394,0.1863,125,0.39
ba,500,500,500019,0.1846,129,0.554,0.1711,108,0.292,0.1847,131,0.372,0.1797,124,0.372
ba,500,500,500020,0.1928,138,0.406,0.1663,107,0.29,0.1774,125,0.37,0.1769,128,0.366
ba,500,500,500021,0.2156,158,0.544,0.1901,123,0.312,0.1976,137,0.404,0.199,139,0.37
ba,500,500,500022,0.186,127,0.39,0.1725,116,0.294,0.1839,132,0.368,0.1833,128,0.376
ba,500,500,500023,0.1898,133,0.382,0.1671,116,0.292,0.1732,117,0.384,0.1792,124,0.376
ba,500,500,500024,0.1921,136,0.474,0.1788,119,0.304,0.1854,135,0.404,0.1866,136,0.4
ba,500,500,500025,0.2005,140,0.468,0.1805,117,0.304,0.1902,126,0.402,0.1889,132,0.39
ba,500,500,500026,0.2005,134,0.502,0.1824,118,0.312,0.1906,137,0.4,0.1869,136,0.39
ba,500,500,500027,0.2032,139,0.4,0.1775,119,0.29,0.1831,124,0.384,0.1874,134,0.396
ba,500,500,500028,0.1956,141,0.406,0.179,126,0.31,0.1926,135,0.378,0.1914,138,0.37
ba,500,500,500029,0.196,142,0.394,0.1791,117,0.306,0.1847,128,0.4,0.1895,136,0.384
er,500,497,1500000,0.3629,257,0.7485,0.3014,195,0.4688,0.3093,220,0.5252,0.3054,214,0.5171
er,500,497,1500001,0.3552,267,0.8089,0.3029,201,0.4789,0.3049,218,0.5372,0.3055,224,0.5352
er,500,496,1500002,0.3536,244,0.8286,0.2975,197,0.4617,0.3025,207,0.5524,0.3002,210,0.5161
er,500,499,1500003,0.3483,260,0.7114,0.2877,188,0.4609,0.2932,206,0.523,0.2869,199,0.519
er,500,499,1500004,0.3516,258,0.7054,0.2947,190,0.4709,0.3045,209,0.5411,0.3027,216,0.523
er,500,500,1500005,0.3484,245,0.76,0.3013,202,0.454,0.3046,214,0.496,0.2978,209,0.5
er,500,496,1500006,0.3462,249,0.746,0.2914,193,0.4496,0.2974,209,0.506,0.2872,199,0.5081
er,500,500,1500007,0.3564,270,0.686,0.2995,200,0.452,0.3082,217,0.552,0.3019,208,0.526
er,500,500,1500008,0.3621,272,0.802,0.2968,197,0.448,0.3057,214,0.522,0.2987,217,0.514
er,500,499,1500009,0.3709,277,0.7234,0.303,194,0.4729,0.3055,221,0.5571,0.3022,207,0.517
er,500,497,1500010,0.3538,262,0.7123,0.2893,187,0.4527,0.2983,211,0.5231,0.2928,201,0.5171
er,500,498,1500011,0.3441,267,0.7691,0.2842,183,0.4498,0.2952,209,0.508,0.2896,207,0.5141
er,500,498,1500012,0.3415,248,0.6506,0.2896,184,0.4679,0.3,212,0.5321,0.2985,210,0.5201
er,500,500,1500013,0.3341,254,0.704,0.2844,191,0.43,0.296,207,0.52,0.2885,197,0.532
er,500,498,1500014,0.3359,248,0.6948,0.2825,180,0.4558,0.2887,198,0.5181,0.286,203,0.5161
er,500,500,1500015,0.3359,230,0.754,0.2856,189,0.442,0.2977,209,0.526,0.2926,205,0.54
er,500,500,1500016,0.3469,277,0.68,0.2875,183,0.452,0.2911,205,0.51,0.2865,198,0.504
er,500,497,1500017,0.3562,267,0.7666,0.2956,195,0.4708,0.3009,218,0.5392,0.3021,228,0.5332
er,500,499,1500018,0.3506,255,0.7715,0.2997,194,0.4729,0.3065,222,0.5291,0.3003,212,0.513
er,500,500,1500019,0.3538,256,0.668,0.2918,198,0.442,0.2961,205,0.514,0.2894,196,0.502
er,500,500,1500020,0.3523,249,0.704,0.288,189,0.436,0.2989,208,0.52,0.2908,205,0.536
er,500,498,1500021,0.3598,259,0.7088,0.3016,202,0.488,0.3077,219,0.5321,0.3024,213,0.5261
er,500,499,1500022,0.3452,271,0.7395,0.2833,188,0.4569,0.2905,201,0.5311,0.2914,213,0.513
er,500,500,1500023,0.3505,269,0.662,0.3038,200,0.454,0.3099,228,0.534,0.3036,204,0.532
er,500,500,1500024,0.3514,257,0.682,0.2981,198,0.464,0.3062,221,0.526,0.3042,213,0.512
er,500,499,1500025,0.3448,246,0.8236,0.2899,198,0.4669,0.2961,214,0.517,0.288,198,0.517
er,500,499,1500026,0.3484,242,0.7194,0.2995,207,0.477,0.3045,217,0.5531,0.301,221,0.511
er,500,499,1500027,0.3363,244,0.7054,0.2896,187,0.4529,0.2935,207,0.513,0.2893,204,0.509
er,500,499,1500028,0.3621,286,0.7275,0.286,186,0.4529,0.2904,200,0.523,0.2901,205,0.517
er,500,497,1500029,0.3562,264,0.7284,0.2956,196,0.4728,0.3009,208,0.5272,0.2965,211,0.5352
ws,500,500,2500000,0.396,319,0.884,0.3235,206,0.532,0.3196,231,0.626,0.3106,209,0.61
ws,500,500,2500001,0.3865,313,0.892,0.3314,248,0.534,0.3235,231,0.57,0.3242,236,0.614
ws,500,500,2500002,0.3997,320,0.848,0.3313,226,0.522,0.3244,226,0.602,0.3293,239,0.618
ws,500,500,2500003,0.4006,316,0.908,0.327,215,0.526,0.33,232,0.57,0.331,225,0.6
ws,500,500,2500004,0.3964,323,0.822,0.319,222,0.536,0.3325,228,0.588,0.3195,216,0.58
ws,500,500,2500005,0.4029,323,0.89,0.3328,221,0.524,0.3303,233,0.576,0.3347,239,0.56
ws,500,500,2500006,0.3942,312,0.818,0.3245,219,0.536,0.3418,248,0.602,0.3391,239,0.596
ws,500,500,2500007,0.3827,318,0.886,0.3209,215,0.526,0.3305,238,0.616,0.3157,220,0.598
ws,500,500,2500008,0.3825,312,0.8,0.3286,222,0.528,0.3364,237,0.57,0.3422,237,0.624
ws,500,500,2500009,0.3775,292,0.91,0.3275,218,0.522,0.3175,216,0.62,0.3254,221,0.596
ws,500,500,2500010,0.3919,298,0.928,0.3197,211,0.528,0.3262,235,0.596,0.3274,221,0.624
ws,500,500,2500011,0.4038,330,0.918,0.3334,235,0.532,0.3314,240,0.588,0.3306,231,0.622
ws,500,500,2500012,0.3936,322,0.82,0.3185,210,0.532,0.3255,230,0.6,0.3272,218,0.62
ws,500,500,2500013,0.4023,335,0.924,0.3066,203,0.528,0.3286,229,0.604,0.3196,216,0.614
ws,500,500,2500014,0.3947,322,0.888,0.3352,226,0.536,0.3311,242,0.602,0.3264,224,0.558
ws,500,500,2500015,0.393,324,0.85,0.3301,230,0.528,0.3212,229,0.6,0.3175,226,0.62
ws,500,500,2500016,0.3996,328,0.94,0.3359,223,0.536,0.3377,238,0.614,0.3272,219,0.618
ws,500,500,2500017,0.3999,324,0.926,0.3297,224,0.526,0.3286,241,0.626,0.3306,229,0.616
ws,500,500,2500018,0.3795,295,0.79,0.324,220,0.548,0.3246,229,0.588,0.3386,243,0.638
ws,500,500,2500019,0.4011,332,0.932,0.3261,211,0.532,0.3245,218,0.586,0.3204,224,0.62
ws,500,500,2500020,0.3906,325,0.936,0.3373,226,0.53,0.333,248,0.608,0.3385,244,0.62
ws,500,500,2500021,0.3848,287,0.838,0.3319,227,0.524,0.3366,241,0.598,0.3299,227,0.6
ws,500,500,2500022,0.4054,327,0.838,0.3214,221,0.532,0.3225,239,0.652,0.3281,229,0.628
ws,500,500,2500023,0.4094,326,0.934,0.3266,219,0.538,0.3298,221,0.622,0.3391,224,0.604
ws,500,500,2500024,0.3896,302,0.916,0.329,221,0.518,0.3206,239,0.59,0.3258,228,0.62
ws,500,500,2500025,0.4059,327,0.904,0.3323,226,0.534,0.3289,226,0.6,0.3352,238,0.632
ws,500,500,2500026,0.3916,321,0.908,0.3259,207,0.526,0.3297,233,0.598,0.333,227,0.614
ws,500,500,2500027,0.4094,326,0.814,0.3214,213,0.534,0.329,247,0.622,0.3243,222,0.634
ws,500,500,2500028,0.3983,316,0.896,0.3065,200,0.514,0.3117,221,0.578,0.3116,217,0.618
ws,500,500,2500029,0.3849,310,0.924,0.3188,207,0.522,0.3305,227,0.61,0.3382,228,0.618
